round,fp32_exec_ms,fp32_gflops,fp32_bw_gbps,fp32_mem_mb,fp32_mse,fp32_maxerr,fp16_exec_ms,fp16_gflops,fp16_bw_gbps,fp16_mem_mb,fp16_mse,fp16_maxerr,fp16s_exec_ms,fp16s_gflops,fp16s_bw_gbps,fp16s_mem_mb,fp16s_mse,fp16s_maxerr,cb32_exec_ms,cb32_gflops,cb32_bw_gbps,cb32_mem_mb,cb32_mse,cb32_maxerr,cb16_exec_ms,cb16_gflops,cb16_bw_gbps,cb16_mem_mb,cb16_mse,cb16_maxerr,cbmx_exec_ms,cbmx_gflops,cbmx_bw_gbps,cbmx_mem_mb,cbmx_mse,cbmx_maxerr
1,15.6048,12.907880652107044,0.46236440069722134,6.630859375,0,0,17.3382,11.617405266982733,0.20806958046394664,3.3154296875,0.20875677614036825,1.6375036239624023,17.1798,11.724519260992562,0.225604488992887,3.4462890625,0.0003085119701324796,0.08467483520507813,0.4871,413.5185711352905,16.426885649763907,6.630859375,0,0,0.6389,315.26826733448115,6.261962748473939,3.3154296875,0.028499800657799557,0.6361675262451172,0.6813,295.64787318361954,26.1733979157493,9.755859375,0.0003184151205911281,0.08048629760742188
2,15.3339,13.135920802926847,0.47053287161126656,6.630859375,0,0,16.308300000000003,12.35106638950718,0.22120956813401765,3.3154296875,0.22239296950867324,1.5366935729980469,17.5099,11.503486370567508,0.221351349807823,3.4462890625,0.0003253897269693027,0.0919647216796875,0.4848,415.480396039604,16.504818481848186,6.630859375,0,0,0.6273,321.0981922525108,6.377758648174717,3.3154296875,0.0386338634864434,0.9606056213378906,0.6603,305.0505770104498,27.00580948053915,9.755859375,0.00031706311596901,0.091094970703125
3,17.975,11.205835660639778,0.4013966063977747,6.630859375,0,0,15.7044,12.826016657751968,0.22971600315835053,3.3154296875,0.20904017385284288,1.5848445892333984,18.9306,10.640174954835029,0.2047394166059185,3.4462890625,0.00032326286634070474,0.081024169921875,0.5024,400.9253503184714,15.92662420382166,6.630859375,0,0,0.6788000000000001,296.736735415439,5.89388332351208,3.3154296875,0.03503588821694559,0.7157363891601563,0.6024999999999999,334.3151800829875,29.59657427385892,9.755859375,0.0003348010859951249,0.08057785034179688
4,16.820600000000002,11.974893642319536,0.4289445085193156,6.630859375,0,0,17.4255,11.559203236635964,0.20702717282143984,3.3154296875,0.19721282134286075,1.457916259765625,16.548099999999998,12.172085979659297,0.2342166170134336,3.4462890625,0.0003260142681054418,0.10461044311523438,0.5061,397.9942620035566,15.810187709938749,6.630859375,0,0,0.579,347.884103626943,6.909789291882556,3.3154296875,0.036847784076259035,0.6680679321289063,0.636,316.7058113207547,28.037635220125782,9.755859375,0.0003236558646054407,0.08268356323242188
5,16.968400000000003,11.870588623559089,0.4252082694891681,6.630859375,0,0,16.890800000000002,11.925124683259526,0.2135808842683591,3.3154296875,0.18841148278864656,1.5273432731628418,17.4946,11.51354680872955,0.22154493386530705,3.4462890625,0.0003378901099628832,0.08612060546875,0.5955,338.2449974811083,13.436668345927792,6.630859375,0,0,0.5664,355.62305084745765,7.063502824858757,3.3154296875,0.03548432803987207,0.8594474792480469,0.6920000000000001,291.0764393063584,25.768693641618498,9.755859375,0.0003385098746179376,0.08121490478515625
6,15.990999999999998,12.596141329497843,0.4511977987618035,6.630859375,0,0,16.2438,12.400109334022828,0.22208793508908015,3.3154296875,0.20189804205926065,1.6116905212402344,19.2389,10.469668016362682,0.20145850334478585,3.4462890625,0.00032288312302346543,0.09642791748046876,0.4177,482.22383528848457,19.15617907589179,6.630859375,0,0,0.5361,375.72261891438166,7.462727103152397,3.3154296875,0.0334274941071683,0.7564582824707031,0.8698999999999999,231.54948384871824,20.49883434877572,9.755859375,0.0003244434029158263,0.091400146484375
7,21.4039,9.41066329033494,0.33709295969426134,6.630859375,0,0,19.674,10.23812625800549,0.1833664735183491,3.3154296875,0.23539092395118508,1.7318954467773438,18.8123,10.70708504542241,0.20602690792726036,3.4462890625,0.0003028828913156259,0.07698822021484375,0.4491,448.5078957915832,17.816824760632375,6.630859375,0,0,0.5838,345.023802672148,6.852977046933882,3.3154296875,0.027968739386505716,0.6441993713378906,0.5879,342.6176152406872,30.33158020071441,9.755859375,0.00030913533136550474,0.07406044006347656
8,17.7374,11.355942584595262,0.4067734842761622,6.630859375,0,0,17.5475,11.478837213278243,0.20558780453055991,3.3154296875,0.25433329688763207,1.6914749145507813,16.9419,11.889156233952509,0.22877245173209615,3.4462890625,0.0003307164954038298,0.08112716674804688,0.41,491.28023414634146,19.51594146341463,6.630859375,0,0,0.6021000000000001,334.5372795216741,6.644690250788906,3.3154296875,0.03924817461505421,0.8026924133300781,0.6641,303.30506851377805,26.85128143351905,9.755859375,0.00032055973035309353,0.07355499267578125
9,16.9675,11.871218270222483,0.4252308236334168,6.630859375,0,0,16.2185,12.419452847057372,0.22243438049141412,3.3154296875,0.1844152678543801,1.7345218658447266,17.006899999999998,11.843716138743686,0.2278980884229342,3.4462890625,0.0003229813280348077,0.08541488647460938,0.5720000000000001,352.1414265734266,13.9886993006993,6.630859375,0,0,0.566,355.8743745583039,7.068494699646643,3.3154296875,0.032837712594768316,0.8358955383300781,0.6061000000000001,332.329476983996,29.420782049166803,9.755859375,0.00031795158270899826,0.08176803588867188
10,17.2556,11.673016064350124,0.41813115742135887,6.630859375,0,0,18.1706,11.085208853862833,0.19853785785829856,3.3154296875,0.2550555417280316,2.4096603393554688,15.8944,12.67269579222871,0.24384940608012884,3.4462890625,0.00032038868421005093,0.0880889892578125,0.5754,350.0606465067779,13.906041014946124,6.630859375,0,0,0.5572,361.4947882268485,7.180129217516153,3.3154296875,0.03361012297807918,0.784698486328125,0.5925,339.95763037974683,30.096094514767938,9.755859375,0.0003130324187031376,0.07512664794921875
11,16.1692,12.457319842663829,0.446225168839522,6.630859375,0,0,16.2748,12.37648978789294,0.2216649052522919,3.3154296875,0.18751410107743757,1.4564666748046875,17.238400000000002,11.68466307777984,0.22483757193242992,3.4462890625,0.0002938518042315219,0.08268356323242188,0.4239,475.1707855626327,18.87599905638122,6.630859375,0,0,0.5788,348.0043123704216,6.912176917760885,3.3154296875,0.03505649036167764,1.0132408142089844,0.7892,255.22668018246324,22.59495184997466,9.755859375,0.00031103339571945466,0.07755661010742188
12,21.1502,9.523545687511229,0.34113644315420183,6.630859375,0,0,17.528100000000002,11.491541924110429,0.20581534792704287,3.3154296875,0.19221062048099297,1.4091300964355469,17.5152,11.500005480953686,0.22128437014707225,3.4462890625,0.000325436829617764,0.08437728881835938,0.422,477.31018009478674,18.960985781990523,6.630859375,0,0,0.5694,353.7493782929399,7.02628731998595,3.3154296875,0.03162817680995293,0.6691856384277344,0.5939,339.156248526688,30.025149014985686,9.755859375,0.00032055273758948487,0.08382415771484375
13,16.082900000000002,12.524165169216994,0.4486195897506047,6.630859375,0,0,16.866699999999998,11.94216390876698,0.21388605951371636,3.3154296875,0.23867225753806973,1.8644189834594729,15.8382,12.717663370837595,0.2447146771729111,3.4462890625,0.0003151004894071831,0.07587432861328125,0.4379,459.97920986526606,18.27251883991779,6.630859375,0,0,0.5783,348.3051979941207,6.918153207677676,3.3154296875,0.036570731456150835,0.8466911315917969,0.7579,265.7671143950389,23.528085499406256,9.755859375,0.0003270741476565284,0.07596015930175781
14,19.7055,10.221760219228134,0.3661467103093045,6.630859375,0,0,17.2671,11.665241760341925,0.20892633968645577,3.3154296875,0.247889386466192,1.84820556640625,16.4865,12.217565644618322,0.23509174172808053,3.4462890625,0.00031876259877703083,0.08304977416992188,0.5838,345.023802672148,13.705954093867764,6.630859375,0,0,0.6367,316.3576189728287,6.283599811528192,3.3154296875,0.030894942381941536,0.8119134902954102,0.7604000000000001,264.8933403471857,23.450731194108364,9.755859375,0.00032233891392296083,0.07486724853515625
15,17.4149,11.566239025202556,0.41430636983272945,6.630859375,0,0,16.3664,12.307220647179587,0.22042428389871932,3.3154296875,0.2630151427623739,1.5148792266845703,16.1094,12.503562888748183,0.2405949321514147,3.4462890625,0.0002988719461147728,0.08957290649414063,0.4693000000000001,429.2028467930961,17.049938205838483,6.630859375,0,0,0.5883,342.3846608873024,6.800557538670747,3.3154296875,0.028593066523904465,0.7249870300292969,0.6622,304.1753186348535,26.928323769254003,9.755859375,0.00030577124631226815,0.0706939697265625
16,16.270599999999998,12.379684584465233,0.4434442491364793,6.630859375,0,0,16.7075,12.055956666167887,0.21592410594044592,3.3154296875,0.2604130171985072,2.0171470642089844,15.0309,13.400720914915274,0.2578581455534931,3.4462890625,0.000299752793768006,0.0757904052734375,0.4238,475.28290703161866,18.880453043888625,6.630859375,0,0,0.6284,320.5361171228517,6.3665945257797585,3.3154296875,0.029150414019546655,0.6654930114746094,0.6768,297.6136170212766,26.3474231678487,9.755859375,0.00029903252947412326,0.08257675170898438
17,18.3226,10.99324855642758,0.39378166854049096,6.630859375,0,0,16.6261,12.11498162527592,0.21698125236826432,3.3154296875,0.20646128347409468,1.8217277526855469,16.1135,12.500381419306793,0.2405337139665498,3.4462890625,0.00029187089801478467,0.08441925048828125,0.4486,449.00779313419525,17.836683013820775,6.630859375,0,0,0.6267,321.4056103398755,6.383864688048508,3.3154296875,0.03606967167508779,0.7760238647460938,0.6346,317.40450047273873,28.099489442168295,9.755859375,0.00030126108947971133,0.06844711303710938
18,16.960800000000003,11.875907740200931,0.42539880194330454,6.630859375,0,0,18.6289,10.812495423777037,0.19365351684747892,3.3154296875,0.20348272087252445,1.9810142517089844,15.700599999999998,12.82912092531496,0.24685935569341305,3.4462890625,0.00030063152448090954,0.0834503173828125,0.4211,478.3303158394681,19.001510330087864,6.630859375,0,0,0.5997,335.8760980490245,6.671282307820577,3.3154296875,0.03554208238432748,0.8970489501953125,0.7028,286.60343767786,25.372703471826977,9.755859375,0.0003009068825493552,0.072906494140625
19,19.056,10.570156171284635,0.3786263643996642,6.630859375,0,0,16.5061,12.203058020974064,0.2185587146570056,3.3154296875,0.1752653164959083,1.4875388145446775,18.1078,11.12365367410729,0.21404256729144347,3.4462890625,0.0003181825813346153,0.083099365234375,0.4196,480.040266920877,19.069437559580553,6.630859375,0,0,0.5515,365.2309990933817,7.25433907524932,3.3154296875,0.03872117314161792,0.8099002838134766,0.621,324.3557101449275,28.714872785829307,9.755859375,0.00033445405526038056,0.08108139038085938
20,21.1165,9.538744394194111,0.3416808656737622,6.630859375,0,0,15.7787,12.765620488379904,0.22863429813609487,3.3154296875,0.2089174950401665,1.5541763305664063,15.5724,12.934736842105265,0.24889162877912205,3.4462890625,0.00032844441830432076,0.0875396728515625,0.4094,492.0002344894969,19.544543234000976,6.630859375,0,0,0.5672,355.121466854725,7.053540197461213,3.3154296875,0.0330898215342643,0.7403297424316406,0.6421,313.6970814514873,27.771275502258217,9.755859375,0.0003218924812518583,0.084136962890625
21,16.9835,11.860034504077486,0.4248302175641063,6.630859375,0,0,16.775399999999998,12.007159054329554,0.21505013293274677,3.3154296875,0.23562710616547705,1.9638824462890625,18.8491,10.686181090874364,0.20562467173499,3.4462890625,0.0003228078912307016,0.0828857421875,0.4469,450.7158111434325,17.904533452673977,6.630859375,0,0,0.6895,292.13182886149383,5.8024191443074695,3.3154296875,0.03342639095850013,0.7151603698730469,0.6031,333.9825833195158,29.56712982921572,9.755859375,0.0003321496957045711,0.08167648315429688
22,16.4898,12.21512062001965,0.4375495154580408,6.630859375,0,0,17.0422,11.819183908180868,0.21168346809684196,3.3154296875,0.23065766163624665,1.8778572082519531,17.1182,11.76671005129044,0.22641632881961887,3.4462890625,0.0003316590143573343,0.08036422729492188,0.4523,445.33472474021664,17.690771611762106,6.630859375,0,0,0.5646,356.7568119022317,7.086021962451293,3.3154296875,0.030491207608092492,0.9027671813964844,0.5997,335.8760980490245,29.73476071369018,9.755859375,0.000333492476048048,0.07568740844726563
23,21.97,9.168179153390987,0.32840710059171596,6.630859375,0,0,17.306700000000003,11.63855015687566,0.20844828881300304,3.3154296875,0.1782952078296545,1.339616775512695,15.9076,12.662180090019865,0.24364706178178985,3.4462890625,0.00030558752022738267,0.07617950439453125,0.5364,375.5124832214765,14.91710663683818,6.630859375,0,0,0.5724,351.8953459119497,6.9894619147449335,3.3154296875,0.027558769576092663,0.7009735107421875,0.6325000000000001,318.4583335968379,28.19278418972332,9.755859375,0.00031979434695537885,0.0734100341796875
24,16.6188,12.120303270994295,0.4341531277829927,6.630859375,0,0,17.526,11.492918863402943,0.2058400091292936,3.3154296875,0.2319974341937618,2.1533360481262207,16.515800000000002,12.19589096501532,0.23467467515954415,3.4462890625,0.0003255058414396351,0.09160614013671876,0.4455,452.1322020202021,17.960799102132434,6.630859375,0,0,0.5725,351.83387947598254,6.988241048034935,3.3154296875,0.038721165746256975,0.8967437744140625,0.7186,280.3018313387142,24.814828833843585,9.755859375,0.00033075157911007327,0.08588790893554688
25,16.4919,12.21356520473687,0.4374937999866601,6.630859375,0,0,18.8237,10.700600625806828,0.19164946317673995,3.3154296875,0.18994195465346808,1.3801631927490234,19.4584,10.35156518521564,0.19918595567980923,3.4462890625,0.00030038390176012674,0.0888671875,0.4726,426.205873889124,16.93088446889547,6.630859375,0,0,0.5972,337.282143335566,6.699209645010047,3.3154296875,0.03440653753382272,0.7509765625,0.5968,337.5082037533512,29.87924932975871,9.755859375,0.000299066049275827,0.08288192749023438
26,17.948700000000002,11.222255427969714,0.4019847676990534,6.630859375,0,0,17.255699999999997,11.672948417044802,0.2090643671366563,3.3154296875,0.21243124035759475,1.3144416809082031,18.3201,10.994748718620531,0.2115621639619871,3.4462890625,0.00030756033494352204,0.08259773254394531,0.6111,329.6103681885125,13.093660612011128,6.630859375,0,0,0.5427000000000001,371.1533001658375,7.371969780725999,3.3154296875,0.031352610859996154,0.857330322265625,0.6078,331.39996051332673,29.338492925304376,9.755859375,0.0003122416140826866,0.088714599609375
27,16.889000000000003,11.926395642133931,0.4272072946888507,6.630859375,0,0,16.9125,11.909823858093128,0.21330684405025868,3.3154296875,0.20824924930368155,1.7791366577148438,20.1741,9.984331196930718,0.1921195988916482,3.4462890625,0.00031414567744712113,0.09131622314453124,0.5317,378.83185254842954,15.048967462854993,6.630859375,0,0,0.6179,325.98300048551545,6.474782327237417,3.3154296875,0.031660633130477095,0.8847391605377197,0.699,288.1615107296137,25.510638054363376,9.755859375,0.0003257714582168064,0.08734130859375
28,15.938,12.63802835989459,0.45269820554649265,6.630859375,0,0,17.574800000000003,11.46100644104058,0.20526845255707035,3.3154296875,0.18018566697478391,1.4335060119628906,16.7663,12.013676004843049,0.23116847485730305,3.4462890625,0.0003254828586795619,0.07738113403320313,0.4247,474.2757146220862,18.84044266541088,6.630859375,0,0,0.5736,351.15916317991633,6.974839609483961,3.3154296875,0.03563297692560681,0.8224563598632813,0.7157,281.43760793628616,24.91537795165572,9.755859375,0.00030960645493519913,0.07267379760742188
29,17.1896,11.71783496998185,0.4197365849118071,6.630859375,0,0,19.5276,10.31488232040804,0.18474118683299537,3.3154296875,0.27181299237488715,1.962663650512695,15.4052,13.075123724456676,0.2515929686080025,3.4462890625,0.00029961590427605316,0.07852554321289063,0.4556,442.1090781387182,17.562633889376645,6.630859375,0,0,0.6338999999999999,317.7550023663038,6.311355103328601,3.3154296875,0.031891594099971166,0.6767654418945313,0.6643,303.21375282251995,26.84319735059461,9.755859375,0.00030677171214053584,0.085662841796875
30,17.0612,11.80602161629897,0.4228954587016154,6.630859375,0,0,16.5029,12.20542425876664,0.2186010943531137,3.3154296875,0.21796211272511185,1.634382247924805,17.1311,11.757849525132654,0.2262458336008779,3.4462890625,0.00031352986681551227,0.09829330444335938,0.4425,455.1975050847458,18.082567231638414,6.630859375,0,0,0.6143000000000001,327.89336806120787,6.512726680774866,3.3154296875,0.03556831843465683,0.8244209289550781,0.6367999999999999,316.3079396984925,28.00241206030151,9.755859375,0.00030830978120584144,0.076171875
31,16.0568,12.544522943550396,0.4493488117183997,6.630859375,0,0,18.353,10.975039285130496,0.1965647033182586,3.3154296875,0.2153590327825346,1.498830795288086,15.707,12.82389355064621,0.24675876997517032,3.4462890625,0.0003140550772774977,0.07943344116210938,0.4461,451.52408876933424,17.93664200851827,6.630859375,0,0,0.5808,346.8059504132231,6.888374655647383,3.3154296875,0.03234810389014807,0.7700424194335938,0.6342,317.604692526017,28.11721223588773,9.755859375,0.0003218169778431316,0.07666015625
32,17.9192,11.240730389749542,0.4026465467208358,6.630859375,0,0,16.4284,12.26077378198729,0.21959241313822409,3.3154296875,0.2253869050258823,1.3576889038085938,17.633200000000002,11.423048340630174,0.21980355238981017,3.4462890625,0.00031104732980332783,0.079345703125,0.4224,476.85818181818183,18.9430303030303,6.630859375,0,0,0.5368,375.2326676602086,7.452995529061103,3.3154296875,0.027724429353305866,0.6982002258300781,0.844,238.65509004739337,21.12788625592417,9.755859375,0.00031603930073548627,0.0782470703125
33,17.061400000000003,11.80588322177547,0.4228905013656558,6.630859375,0,0,17.6785,11.393777526373844,0.20406437197726052,3.3154296875,0.2075796345966475,1.5708560943603516,16.0086,12.58229301750309,0.24210986594705344,3.4462890625,0.000300565469950106,0.07467269897460938,0.44049999999999995,457.2642360953462,18.16466742338252,6.630859375,0,0,0.5720999999999999,352.07987414787624,6.993127075686069,3.3154296875,0.03981644736652011,0.8611221313476563,0.627,321.2518277511962,28.440089314194577,9.755859375,0.0003043098748803837,0.07721710205078125
34,17.0487,11.814677717362612,0.4232055230017538,6.630859375,0,0,17.1567,11.74030530346745,0.21027073971101667,3.3154296875,0.1877727551465583,1.621687889099121,16.6867,12.07098443670708,0.23227121000557333,3.4462890625,0.00031332193139154384,0.07855987548828125,0.4485,449.107906354515,17.840659977703456,6.630859375,0,0,0.5869,343.2013903561084,6.816779689896064,3.3154296875,0.03783002516102517,0.8480319976806641,0.5978,336.9436199397792,29.82926731348277,9.755859375,0.00031775238981559905,0.07498931884765625
35,17.1975,11.712452158744004,0.4195437708969327,6.630859375,0,0,16.2798,12.372688607968158,0.22159682551382695,3.3154296875,0.20791081733685432,1.637989521026611,18.9015,10.656556146337593,0.2050546252942888,3.4462890625,0.0003163143558198634,0.08153820037841797,0.4833,416.7699068901304,16.556043865094143,6.630859375,0,0,0.6001,335.65221796367274,6.666835527412098,3.3154296875,0.0311630062886368,0.7883493900299072,0.5954,338.30180718844474,29.949506214309707,9.755859375,0.0003143133816676261,0.07567977905273438
36,14.8188,13.592524091019516,0.48688854698086215,6.630859375,0,0,16.0771,12.528683406833322,0.22439071723134144,3.3154296875,0.20581522385653656,1.409048080444336,16.043100000000003,12.555235334816835,0.24158921904120773,3.4462890625,0.0002981241626644582,0.0947723388671875,0.5144000000000001,391.5725038880248,15.555085536547432,6.630859375,0,0,0.5668,355.372081863091,7.058517995765702,3.3154296875,0.030666224961765784,0.7923660278320313,0.6365000000000001,316.4570243519246,28.0156103692066,9.755859375,0.0003139058162881917,0.09080886840820313
37,18.7325,10.752696970505806,0.385165034031763,6.630859375,0,0,16.5791,12.149326320487845,0.21759637133499407,3.3154296875,0.251141323429812,1.7745246887207031,17.090999999999998,11.78543654555029,0.22677666608156336,3.4462890625,0.00032290381435894045,0.08036422729492188,0.4348,463.258730450782,18.402796688132476,6.630859375,0,0,0.5620999999999999,358.3435260629781,7.117537804661092,3.3154296875,0.03108905275042969,0.7147140502929688,0.6700999999999999,300.5893090583495,26.61085808088345,9.755859375,0.0003063133608627938,0.0865325927734375
38,19.484399999999997,10.33775204779208,0.3703015745930077,6.630859375,0,0,17.9577,11.216631083045156,0.2008916509352534,3.3154296875,0.18347515608980133,1.9080543518066408,16.162300000000002,12.462638114624774,0.2398074531471387,3.4462890625,0.00032397700398293,0.07948684692382813,0.4409,456.84938988432754,18.14818779768655,6.630859375,0,0,0.646,311.80324458204336,6.193139318885449,3.3154296875,0.03613182442039829,0.8630332946777344,0.866,232.5922586605081,20.59115011547344,9.755859375,0.00032653861305787445,0.09244918823242188
39,16.7922,11.995146317933326,0.42966996581746286,6.630859375,0,0,16.238,12.40453848996182,0.22216726197807615,3.3154296875,0.19600942796243312,1.5051469802856443,16.1624,12.46256100579122,0.2398059694104836,3.4462890625,0.0003049119769351937,0.08080291748046875,0.5041,399.5732910136878,15.872914104344378,6.630859375,0,0,0.7582,265.6619572672118,5.27666578739119,3.3154296875,0.029292249984129687,0.6714801788330078,0.6214999999999999,324.0947642799678,28.691771520514884,9.755859375,0.0003238776452214407,0.07366180419921875
40,18.8741,10.672026533715515,0.3822753932637848,6.630859375,0,0,17.0763,11.795581946908872,0.21126075320766208,3.3154296875,0.1511455192457377,1.3973541259765625,15.9374,12.638504147477004,0.2431914866916812,3.4462890625,0.00032640443517943586,0.08683013916015625,0.4512,446.4204255319149,17.733900709219856,6.630859375,0,0,0.5788,348.0043123704216,6.912176917760885,3.3154296875,0.03718782184465809,0.9081535339355468,0.7203,279.640283215327,24.75626266833264,9.755859375,0.00032312254229524377,0.08566665649414063
41,15.953599999999998,12.625670444288438,0.4522555410691004,6.630859375,0,0,16.2412,12.402094426520208,0.2221234884121863,3.3154296875,0.2367718049812891,1.7083616256713867,16.2037,12.43079642303918,0.23919475181594324,3.4462890625,0.0003034323598844368,0.08728408813476563,0.5601999999999999,359.5589003927169,14.283355944305605,6.630859375,0,0,0.5579,361.0412188564258,7.17112027245026,3.3154296875,0.04433914833498357,1.096160888671875,0.6315999999999999,318.9121215959468,28.232957568081066,9.755859375,0.00030841519806613287,0.08516693115234375
42,18.7496,10.742890301659768,0.3848137560267952,6.630859375,0,0,16.3464,12.32227866686243,0.2206939754318994,3.3154296875,0.25004096082626825,1.745077133178711,16.0483,12.5511671641233,0.2415109388533365,3.4462890625,0.00031551591583580427,0.08097076416015625,0.4312,467.12638218923934,18.55643784786642,6.630859375,0,0,0.5598,359.8158199356913,7.146780993211862,3.3154296875,0.03387199556114942,0.749725341796875,0.6995,287.95553395282343,25.492403145103644,9.755859375,0.00033164974753334083,0.07479476928710938
43,17.7334,11.35850406577419,0.40686523734873176,6.630859375,0,0,16.2334,12.408053519287396,0.2222302167136891,3.3154296875,0.20345075110205652,1.5495834350585938,15.9453,12.632242478974998,0.2430709989777552,3.4462890625,0.00032502720464864176,0.08436965942382813,0.5461,368.8425123603736,14.652144295916498,6.630859375,0,0,0.5847,344.4927244740893,6.842428595861126,3.3154296875,0.03737341743014352,0.9570999145507813,0.6848,294.13682242990654,26.0396261682243,9.755859375,0.0003254182229597716,0.07701492309570313
44,17.96,11.21519465478842,0.4017318485523385,6.630859375,0,0,18.1438,11.101582689403545,0.1988311158632701,3.3154296875,0.2170397006952079,1.624490737915039,16.8696,11.940110968843364,0.22975292834447764,3.4462890625,0.00030060671324053025,0.07796096801757813,0.4787,420.7747984123668,16.715136828911636,6.630859375,0,0,0.5313,379.1170638057594,7.530148691887822,3.3154296875,0.03577658097369823,1.1132125854492188,0.6507000000000001,309.55109266943293,27.40423543875826,9.755859375,0.00030016404101366654,0.07740020751953125
45,18.0408,11.164964746574432,0.3999325972240699,6.630859375,0,0,16.875999999999998,11.935582839535437,0.2137681915145769,3.3154296875,0.19058926451148028,1.7784309387207031,15.2171,13.236746554862622,0.25470293288471524,3.4462890625,0.0003056168223854346,0.07492828369140625,0.4208,478.67133079847906,19.015057034220533,6.630859375,0,0,0.612,329.1256470588235,6.537202614379085,3.3154296875,0.03571573828274214,0.8747167587280273,0.7398,272.26939172749394,24.103725331170587,9.755859375,0.0003096973299893486,0.07366943359375
46,16.909899999999997,11.911655065967274,0.4266792825504586,6.630859375,0,0,16.195899999999998,12.436783136472812,0.22274476873776697,3.3154296875,0.23788187518901907,1.837478518486023,15.857799999999996,12.701944532028405,0.24441221354790704,3.4462890625,0.0003094675626801414,0.07875823974609375,0.4303,468.10340692540086,18.595249825702997,6.630859375,0,0,0.7701,261.55680560966107,5.195127905466823,3.3154296875,0.04011539925822871,0.8706741333007813,0.615,327.52015609756097,28.99501788617886,9.755859375,0.00032194982398409296,0.08043289184570313
47,18.8072,10.709988515036796,0.38363520353907016,6.630859375,0,0,16.105,12.506978950636446,0.2240019869605712,3.3154296875,0.2149953039178844,1.6944541931152344,16.4787,12.223348686486192,0.23520301965567675,3.4462890625,0.000301897861544464,0.08258056640625,0.4812,418.58872817955114,16.628295926849542,6.630859375,0,0,0.57,353.3770105263158,7.018891228070175,3.3154296875,0.028915375780846492,0.7069358825683594,0.6849999999999999,294.05094306569345,26.032023357664233,9.755859375,0.0003056616532414128,0.07583236694335938
48,19.5015,10.328687331743712,0.3699768735738277,6.630859375,0,0,18.3684,10.965837851963157,0.19639990418327127,3.3154296875,0.1870564381085554,1.5466175079345703,16.6695,12.083439575272203,0.23251087315156424,3.4462890625,0.0003349495544942755,0.09046554565429688,0.4912,410.06697068403906,16.289771986970685,6.630859375,0,0,0.6434,313.0632514765309,6.21816599316133,3.3154296875,0.03895228086920562,0.8407211303710938,0.6246999999999999,322.43460220906036,28.544799103569712,9.755859375,0.0003354239166108456,0.07535934448242188
49,16.7656,12.014177601755978,0.430351672472205,6.630859375,0,0,16.8167,11.977670767748728,0.21452199301884436,3.3154296875,0.191248778255707,1.7092132568359375,16.3555,12.31542270184342,0.2369747179847758,3.4462890625,0.0002966536735863428,0.08649826049804688,0.5321,378.5470700996053,15.03765457620748,6.630859375,0,0,0.6394000000000001,315.0217328745699,6.257065999374413,3.3154296875,0.03113536117422367,0.7619209289550781,0.6499,309.9321372518849,27.437968918295123,9.755859375,0.00031017083799246494,0.0771636962890625
50,13.7657,14.632375832685588,0.5241363679289829,6.630859375,0,0,17.488400000000002,11.51762859952883,0.2062825644427163,3.3154296875,0.1775518320084724,1.4770722389221191,16.768700000000003,12.011956561927876,0.23113538914763812,3.4462890625,0.00031982010008921964,0.10337448120117188,0.4792,420.3357595993322,16.69769616026711,6.630859375,0,0,0.7654,263.162916122289,5.227029004442122,3.3154296875,0.031818287413037716,0.7330284118652344,0.7947,253.46029445073611,22.438575563105573,9.755859375,0.00032548950114376124,0.10506820678710938
51,15.0751,13.361430172934176,0.4786106891496574,6.630859375,0,0,16.2106,12.425505286664285,0.22254278064969835,3.3154296875,0.216217931245618,1.8435211181640625,16.758499999999998,12.019267595548529,0.23127606886057825,3.4462890625,0.0003242581440054854,0.07925033569335938,0.5642,357.0097412265154,14.182091456930166,6.630859375,0,0,0.7148,281.79196418578624,5.597045327364298,3.3154296875,0.03839711603028103,0.8297843933105469,0.7594000000000001,265.242159599684,23.481611798788517,9.755859375,0.0003226295714990756,0.07602310180664063
52,14.9152,13.50467281699206,0.48374168633340486,6.630859375,0,0,17.2228,11.69524676591495,0.2094637341198876,3.3154296875,0.1737395793886915,1.4068889617919922,16.555899999999998,12.166351330945464,0.23410627027222927,3.4462890625,0.00031613846440808424,0.08733367919921875,0.4697,428.8373344688099,17.035418352139665,6.630859375,0,0,0.6239,322.8480461612438,6.4125148260939255,3.3154296875,0.03203706362396911,0.7417182922363281,0.9793,205.68252425201675,18.20885938935975,9.755859375,0.0003127353464471034,0.08214187622070313
53,15.8282,12.72569818425342,0.45583856660896377,6.630859375,0,0,17.8928,11.257315568273272,0.20162031655190915,3.3154296875,0.22251865340104232,1.7007522583007813,16.6316,12.11097525193006,0.23304071766997764,3.4462890625,0.00032372066680371586,0.08725357055664063,0.4684,430.0275320239112,17.08269854824936,6.630859375,0,0,0.6087,330.9099655002464,6.572643338261869,3.3154296875,0.03409533989027723,0.7894630432128906,0.6702,300.54445837063565,26.60688749626977,9.755859375,0.00033177458298990864,0.08061599731445313
54,15.3059,13.159951129956422,0.4713936455876492,6.630859375,0,0,17.113599999999998,11.769872849663424,0.2108002991772625,3.3154296875,0.1927531728300996,1.5949602127075195,14.8139,13.597020095990928,0.26163535598323195,3.4462890625,0.0002919316497948938,0.07881546020507813,0.5583,360.7825470177324,14.331964893426472,6.630859375,0,0,0.6618,304.3591659111514,6.045282562707767,3.3154296875,0.03645855854159119,0.8653450012207031,0.7182,280.4579448621554,24.82864940128098,9.755859375,0.0003101212648515916,0.072265625
55,16.0496,12.550150533346626,0.44955039377928424,6.630859375,0,0,18.0984,11.12943110993237,0.1993298855147416,3.3154296875,0.22399649190023063,1.5793571472167969,16.012800000000002,12.578992805755396,0.24204636290967227,3.4462890625,0.0003168787750421116,0.0732269287109375,0.4226,476.63250354945575,18.9340653099858,6.630859375,0,0,0.5672,355.121466854725,7.053540197461213,3.3154296875,0.03340074036710486,0.8274078369140625,0.6953,289.69494606644616,25.64639148568963,9.755859375,0.0003348202602658395,0.0875244140625
56,16.655900000000003,12.09330603569906,0.4331860782065214,6.630859375,0,0,17.043599999999998,11.81821305358023,0.2116660799361637,3.3154296875,0.1734800585394542,1.4987926483154297,16.9662,11.872127877780528,0.22844479022998668,3.4462890625,0.0002944164876591931,0.07754135131835938,0.4269,471.83156711173575,18.74334973061607,6.630859375,0,0,0.6970999999999999,288.94691722851815,5.739159374551714,3.3154296875,0.036173265877843544,0.8534431457519531,0.7226,278.75020204815945,24.67746471076667,9.755859375,0.0002997063258846894,0.0723419189453125
57,16.654100000000003,12.0946130982761,0.43323289760479394,6.630859375,0,0,17.163999999999998,11.73531204847355,0.21018130971801444,3.3154296875,0.1858463889979741,1.6156997680664063,16.5649,12.15974113939716,0.2339790762395185,3.4462890625,0.00032082041616973375,0.0855865478515625,0.5063,397.8370452301007,15.803942326683783,6.630859375,0,0,0.6631,303.76247323179007,6.033430855074649,3.3154296875,0.027757735165182713,0.6447944641113281,2.5494,79.00874558719698,6.994561857692006,9.755859375,0.000333067368954155,0.08001708984375
58,17.4865,11.518880050324537,0.4126099562519658,6.630859375,0,0,20.0581,10.042072579157548,0.17985512087386143,3.3154296875,0.1960379877566787,1.5360794067382813,16.0671,12.53648113225162,0.2412283486130042,3.4462890625,0.0003280469587073207,0.09733963012695313,0.4446,453.04744939271256,17.997156995051732,6.630859375,0,0,0.6639,303.3964392227745,6.026160566350354,3.3154296875,0.036119554016218906,0.9054946899414063,0.6962,289.32044814708416,25.613237575409364,9.755859375,0.0003321641709581681,0.0806732177734375
59,14.7596,13.647043009295643,0.4888414320171278,6.630859375,0,0,16.44,12.252122627737226,0.2194374695863747,3.3154296875,0.20599372220368625,1.5205001831054688,18.1719,11.08441582883463,0.2132875483576291,3.4462890625,0.00029924987104774264,0.08425140380859375,0.5677,354.8086947331337,14.09465562797252,6.630859375,0,0,0.6476999999999999,310.9848633626679,6.17688436004323,3.3154296875,0.034333566762380086,0.8419876098632813,0.7533000000000001,267.3900119474313,23.67175892738617,9.755859375,0.000301399245623778,0.07614517211914063
60,16.177899999999998,12.450620661519729,0.4459852020348748,6.630859375,0,0,16.8479,11.95548976430297,0.214124727710872,3.3154296875,0.2070349657389159,1.689910888671875,16.316399999999998,12.344934912112969,0.2375425951803094,3.4462890625,0.00034778362757175926,0.08960342407226563,0.4263,472.4956509500352,18.769730236922356,6.630859375,0,0,0.6064,332.16506596306067,6.597572559366754,3.3154296875,0.04130491454310439,0.8114700317382813,0.6391,315.16960726020966,27.90163667657643,9.755859375,0.0003553016844350226,0.0813140869140625
61,17.025599999999997,11.830707640259376,0.4237797199511324,6.630859375,0,0,16.3926,12.287550236082136,0.22007198369996217,3.3154296875,0.21996402986639163,1.4989166259765625,16.032500000000002,12.563536316856384,0.24174894745049116,3.4462890625,0.0003094908656311238,0.08260726928710938,0.4691,429.38583670859094,17.057207418460884,6.630859375,0,0,0.6828,294.99838312829525,5.859355594610427,3.3154296875,0.03761911905251848,0.802490234375,0.8379000000000001,240.39252416756176,21.28169948681227,9.755859375,0.0003052776958614615,0.08160781860351563
62,14.8491,13.564788168979938,0.48589503740967466,6.630859375,0,0,15.696600000000002,12.832390199151408,0.22983015430093137,3.3154296875,0.17489582211869276,1.455364227294922,16.2539,12.392404038415394,0.23845600132891184,3.4462890625,0.0003296213417766693,0.10651016235351563,0.4475,450.1114994413407,17.880527374301675,6.630859375,0,0,0.5958,338.07468277945617,6.714951325948305,3.3154296875,0.03759211384111367,0.8443202972412109,0.7284999999999999,276.49265065202474,24.477606039807824,9.755859375,0.00032835842460615834,0.09893798828125
63,16.765900000000002,12.013962626521687,0.43034397199076696,6.630859375,0,0,16.1071,12.505348324651862,0.2239727821892209,3.3154296875,0.2177824108609684,1.7709007263183594,19.5648,10.295269872423946,0.19810271508014393,3.4462890625,0.00029887760343998756,0.08048248291015625,0.49490000000000006,407.00120428369365,16.167985451606384,6.630859375,0,0,0.6483,310.69704766311895,6.171167669288909,3.3154296875,0.04235910879785338,0.9554786682128906,0.6865,293.4084428259286,25.97514348142753,9.755859375,0.00030577685001906675,0.0809173583984375
64,15.1673,13.280207815497814,0.4757012784081544,6.630859375,0,0,17.0304,11.827373167981962,0.21183013904547163,3.3154296875,0.2562620126333224,1.973552703857422,16.942700000000002,11.88859485206018,0.22876164955998748,3.4462890625,0.0003209598817851642,0.08504486083984375,0.48,419.6352,16.669866666666667,6.630859375,0,0,0.5658,356.0001696712619,7.0709932838458815,3.3154296875,0.04178975158062752,1.0354156494140625,0.647,311.3213230293663,27.56095208655332,9.755859375,0.00031968792783992076,0.07820892333984375
65,16.7351,12.036073641627478,0.4311359956020579,6.630859375,0,0,17.278100000000002,11.65781515328653,0.20879332797008932,3.3154296875,0.2286615825147995,1.4873027801513672,16.557599999999997,12.165102188723004,0.2340822341402136,3.4462890625,0.00029564849895812316,0.0873260498046875,1.0487,192.07103652140745,7.629957089730142,6.630859375,0,0,0.6034999999999999,333.76121955260976,6.629275890637945,3.3154296875,0.028376309513940743,0.6582221984863281,0.6197,325.03614006777474,28.775110537356785,9.755859375,0.0002974724230663877,0.08315658569335938
66,15.8815,12.682989390170954,0.454308723987029,6.630859375,0,0,16.549999999999997,12.170688580060425,0.2179789728096677,3.3154296875,0.17714710385718338,1.4599933624267578,15.7005,12.8292026368587,0.24686092799592368,3.4462890625,0.00030495755055917444,0.07362842559814453,0.5716,352.38785164450667,13.998488453463962,6.630859375,0,0,0.6547999999999999,307.6128527794746,6.1099083689676235,3.3154296875,0.030642556505141264,0.7686080932617188,0.7395,272.37984584178497,24.11350371872887,9.755859375,0.0003136825750016495,0.07472610473632813
67,16.790699999999998,11.99621790634101,0.4297083504559072,6.630859375,0,0,17.678,11.394099785043556,0.2040701436814119,3.3154296875,0.25984016587088254,1.8088722229003904,15.8105,12.739944720280825,0.24514341734922993,3.4462890625,0.00030822898614129776,0.08415985107421875,0.6382,315.6140645565653,12.537662174866814,6.630859375,0,0,0.6103999999999999,329.9883617300131,6.554338138925295,3.3154296875,0.03557284828525724,0.857086181640625,0.6539,308.0362379568741,27.27012693072335,9.755859375,0.0003122583592008515,0.08478164672851563
68,15.3885,13.089313188419924,0.4688633719985704,6.630859375,0,0,15.9272,12.646598020995532,0.22650258676980264,3.3154296875,0.2232544921689258,1.7037696838378906,15.9632,12.61807757843039,0.24279843640372856,3.4462890625,0.0003276691571296341,0.09101104736328124,0.4786,420.8627162557459,16.718629335562056,6.630859375,0,0,0.6946,289.98689317592857,5.759815721278434,3.3154296875,0.03734265810277892,0.9869308471679688,0.8695,231.65600460034503,20.50826451983899,9.755859375,0.00033591752127209,0.09763717651367188
69,15.3206,13.147324256230174,0.47094134694463663,6.630859375,0,0,16.792,11.995289185326346,0.2148375416865174,3.3154296875,0.2356598137414501,1.582012176513672,15.8,12.748411139240504,0.24530632911392403,3.4462890625,0.0003247554282142872,0.07852935791015625,0.4868,413.7734100246508,16.437009038619557,6.630859375,0,0,0.6375000000000001,315.96062117647057,6.2757145098039215,3.3154296875,0.037947117227760105,0.8684358596801758,0.7403000000000001,272.0855004727813,24.08744563014994,9.755859375,0.00032428282025872884,0.07829666137695313
70,16.8734,11.937421977787524,0.42760226154776154,6.630859375,0,0,16.0643,12.53866623506782,0.22456951127655733,3.3154296875,0.23810085756091867,1.8076324462890625,16.137999999999998,12.48140389143636,0.24016854628826373,3.4462890625,0.0003060036785950612,0.0829620361328125,0.5605,359.36645138269404,14.27571097234612,6.630859375,0,0,0.5745,350.60904438642297,6.963912967798085,3.3154296875,0.032225413407999934,0.6880683898925781,0.6867000000000001,293.32298820445607,25.967578272899377,9.755859375,0.00032484537402880346,0.078765869140625
71,17.646700000000003,11.414309530960464,0.4088642069055404,6.630859375,0,0,15.7583,12.78214629750671,0.22893027801222213,3.3154296875,0.15969289327688127,1.48974609375,14.8336,13.57896235573293,0.2612878869593356,3.4462890625,0.00032474162189759465,0.0975666046142578,0.4626,435.4191439688716,17.296878512754,6.630859375,0,0,0.6124999999999999,328.8569730612245,6.53186612244898,3.3154296875,0.027897024567353997,0.6755485534667969,0.7716999999999999,261.01450822858624,23.107342231437087,9.755859375,0.00033615680496388537,0.08194351196289063
72,15.5761,12.931664280532354,0.4632163378509383,6.630859375,0,0,17.837100000000003,11.292468843029416,0.2022499173071856,3.3154296875,0.22965816463780367,1.8286285400390625,16.5813,12.147714352915632,0.2337476554914271,3.4462890625,0.0003040187197822866,0.07876205444335938,0.5061,397.9942620035566,15.810187709938749,6.630859375,0,0,0.6819000000000001,295.3877342718874,5.867089015984749,3.3154296875,0.034081090648733284,0.7244911193847656,0.6319,318.76071530305427,28.219553726855516,9.755859375,0.000311008483932211,0.06899261474609375
73,18.062600000000003,11.151489597289428,0.399449913080066,6.630859375,0,0,16.670399999999997,12.082787215663693,0.2164046453594395,3.3154296875,0.24526500290406453,1.6243534088134766,17.062399999999997,11.805191297824456,0.2271567891972993,3.4462890625,0.0003224533601042177,0.07990646362304688,0.4628,435.23097666378567,17.28940363007779,6.630859375,0,0,0.7632,263.9215094339623,5.2420964360587,3.3154296875,0.04075336691701205,0.8691010475158691,0.6217,323.99050345825964,28.68254141869069,9.755859375,0.00031504579435754384,0.08743667602539063
74,16.2371,12.405226056377062,0.4443591528043801,6.630859375,0,0,17.506,11.506049126013938,0.20607517422597965,3.3154296875,0.2460452985456417,1.722940444946289,16.4453,12.24817400716314,0.2356807112062413,3.4462890625,0.0003107494402512555,0.07858657836914063,0.5572,361.4947882268485,14.360258435032303,6.630859375,0,0,0.5884,342.3264717878994,6.799401767505098,3.3154296875,0.0352548186846651,0.8002834320068359,0.6465000000000001,311.56209744779585,27.582267594740912,9.755859375,0.00031337146658410274,0.07670211791992188
75,17.4039,11.573549376863806,0.4145682289601756,6.630859375,0,0,16.596,12.136954446854665,0.21737478910580865,3.3154296875,0.20759760927375576,1.4084815979003906,17.6463,11.414568266435456,0.21964037786958177,3.4462890625,0.0003232827427321479,0.08610153198242188,0.4662,432.0568339768339,17.163311883311884,6.630859375,0,0,0.6905,291.70875597393194,5.7940159304851555,3.3154296875,0.03496634483441172,0.7992095947265625,0.722,278.98185041551244,24.697972299168978,9.755859375,0.0003172845122040171,0.079559326171875
76,16.9568,11.878709190413286,0.42549915078316664,6.630859375,0,0,16.0428,12.55547011743586,0.22487047148876751,3.3154296875,0.19641066014840317,1.443828582763672,17.2562,11.672610192278718,0.22460564898413324,3.4462890625,0.0003123987481480619,0.09672927856445313,0.491,410.23400407331974,16.29640733197556,6.630859375,0,0,0.6137,328.21394166530877,6.51909401987942,3.3154296875,0.03805280218036532,0.8389320373535156,0.6876,292.93905759162305,25.933589296102387,9.755859375,0.00030071832917336104,0.09192276000976563
77,16.7522,12.023787681617938,0.43069590859707985,6.630859375,0,0,17.5943,11.44830405301717,0.20504095076246284,3.3154296875,0.19004372828756652,1.4892663955688477,16.740499999999997,12.032191153191365,0.2315247453779756,3.4462890625,0.00031418349049734093,0.07682037353515625,0.5222,385.7236614324014,15.322742244350824,6.630859375,0,0,0.5917,340.4172655061687,6.761480479972959,3.3154296875,0.032780475915027515,0.6745338439941406,0.6381,315.6635260930889,27.94536279580003,9.755859375,0.0003215774037361521,0.0731353759765625
78,15.1544,13.29151243203294,0.476106213376973,6.630859375,0,0,17.1908,11.717017009097887,0.2098536426460665,3.3154296875,0.2021310942224788,1.8428955078125,16.647599999999997,12.099335399697257,0.23281674235325217,3.4462890625,0.000318846402713977,0.09094619750976563,0.4679,430.4870613378927,17.100953195127165,6.630859375,0,0,0.5859,343.78715821812597,6.828414405188599,3.3154296875,0.0408498336610228,0.9821052551269532,0.6476000000000001,311.03288449660283,27.535416924027174,9.755859375,0.00030675051628069143,0.08338165283203125
79,14.9569,13.467021642185212,0.48239300924656847,6.630859375,0,0,17.1436,11.749276464686533,0.210431414638699,3.3154296875,0.1951708041676636,1.6685075759887695,17.033,11.825567780191394,0.22754887571185345,3.4462890625,0.00033159596399422837,0.0839996337890625,0.4433,454.3760342882924,18.04993458154749,6.630859375,0,0,0.6264000000000001,321.55954022988504,6.386922094508302,3.3154296875,0.032139136608332404,0.7467155456542969,0.8133,247.66371080782,21.925410057789257,9.755859375,0.00032744827203691994,0.07804489135742188
80,15.9199,12.65239706279562,0.4532128970659364,6.630859375,0,0,18.1082,11.123407958825284,0.19922200991815864,3.3154296875,0.1848540647926881,1.4240055084228516,15.8431,12.713730014959197,0.24463899110653853,3.4462890625,0.00033551050161949124,0.07660675048828125,0.4604,437.49977410947,17.37953084274544,6.630859375,0,0,0.5861,343.6698447363931,6.826084285958028,3.3154296875,0.036927273651032426,0.7908058166503906,0.6292,320.128569612206,28.340648442466623,9.755859375,0.0003382469409385332,0.07715606689453125
81,15.6514,12.86944912276218,0.4609877710620136,6.630859375,0,0,19.5713,10.29185061799676,0.18432868537092575,3.3154296875,0.18476343707757847,1.330596923828125,15.6619,12.86082122858657,0.2474693364151221,3.4462890625,0.0003219050978217925,0.07863998413085938,0.4787,420.7747984123668,16.715136828911636,6.630859375,0,0,0.635,317.2045606299213,6.300422047244094,3.3154296875,0.03262929111813647,0.8482589721679688,0.6700999999999999,300.5893090583495,26.61085808088345,9.755859375,0.00032268478725355976,0.08399200439453125
82,16.7457,12.028454827209377,0.4308630872403066,6.630859375,0,0,20.1485,9.997016949152542,0.17904816735737153,3.3154296875,0.17540307593178758,1.3691387176513672,15.821600000000002,12.731006724983564,0.24497143146078776,3.4462890625,0.0003005426369628812,0.07794189453125,0.4336,464.54081180811806,18.453726937269373,6.630859375,0,0,0.653,308.46079019908115,6.1267503828483925,3.3154296875,0.03792906848114774,1.0415325164794922,0.764,263.6451518324607,23.340230366492147,9.755859375,0.00032053631196408093,0.07979965209960938
83,16.3671,12.306694283043424,0.4408297132662476,6.630859375,0,0,16.950300000000002,11.883264367002354,0.21283115933051333,3.3154296875,0.2033893056999991,1.7008895874023438,15.922,12.650728300464769,0.2434267051877905,3.4462890625,0.00030941046071337856,0.08961868286132813,0.4441,453.5575230803873,18.017419500112588,6.630859375,0,0,0.6129,328.6423494860499,6.527603197911568,3.3154296875,0.03126783893694856,0.7115497589111328,0.7065,285.10247133757963,25.23982448690729,9.755859375,0.00031096708375058524,0.08287811279296875
84,16.693800000000003,12.065850555295976,0.4322026141441732,6.630859375,0,0,18.0046,11.187412994456972,0.2003683503104762,3.3154296875,0.19543406673895952,1.669271469116211,15.6911,12.836888172276003,0.2470088139136198,3.4462890625,0.000308196207460078,0.08402824401855469,0.4616,436.36242634315425,17.334350086655114,6.630859375,0,0,0.7475999999999999,269.42869983948634,5.351482075976458,3.3154296875,0.02722693948956357,0.7766532897949219,0.6403,314.5789411213494,27.84934561924098,9.755859375,0.0003098146033996752,0.08147430419921875
85,16.6034,12.131545105219413,0.4345558138694484,6.630859375,0,0,17.5093,11.50388056632761,0.20603633497626975,3.3154296875,0.20448659059960583,1.5450234413146973,20.5432,9.804942560068538,0.1886677830133572,3.4462890625,0.0003247294654204439,0.09266281127929688,0.4363,461.6660462984185,18.33952784781114,6.630859375,0,0,0.6308,319.31657577679135,6.342371591629677,3.3154296875,0.03858951514146092,0.7700729370117188,0.6253,322.1252134975212,28.51740924356309,9.755859375,0.00033834902388263973,0.097930908203125
86,15.8684,12.693459706082526,0.4546837740414912,6.630859375,0,0,16.616,12.12234569090034,0.21711314395763123,3.3154296875,0.1847849463609122,1.572540283203125,15.8649,12.696260045761395,0.244302832038021,3.4462890625,0.0003407447739229666,0.08161163330078125,0.5088,395.8822641509434,15.7262893081761,6.630859375,0,0,0.6581,306.0703479714329,6.0792706275642,3.3154296875,0.03456342123954396,0.8054218292236328,0.6537000000000001,308.13048187241856,27.278470246290347,9.755859375,0.00034025190206338836,0.08760452270507813
87,16.456599999999998,12.239763742206776,0.4384322399523596,6.630859375,0,0,18.2303,11.04890736850189,0.197887692468034,3.3154296875,0.20647331160684249,1.7761802673339844,15.4842,13.008414771186112,0.2503093475930303,3.4462890625,0.0002981725982311911,0.08047103881835938,0.5585,360.6533500447627,14.326832587287376,6.630859375,0,0,0.6181,325.87752143666074,6.4726872674324545,3.3154296875,0.03616765956870244,0.9838104248046876,0.6348,317.30449905482044,28.090636420919974,9.755859375,0.0002982599443058033,0.0716552734375
88,15.197,13.254253865894585,0.4747715996578272,6.630859375,0,0,16.7864,11.999290854501265,0.21490921221941572,3.3154296875,0.2409797789097805,1.642986297607422,16.015700000000002,12.576715098309784,0.24200253501251895,3.4462890625,0.0002966665948061532,0.07970809936523438,0.4278,470.8389340813465,18.70391771856007,6.630859375,0,0,0.6405,314.4807119437939,6.24632006245121,3.3154296875,0.03218914638554799,0.7463645935058594,0.761,264.6844888304862,23.43224178712221,9.755859375,0.0003133700110479079,0.08781814575195313
89,18.2255,11.051817288963266,0.39587961921483633,6.630859375,0,0,17.322400000000002,11.62800166258717,0.20825936359857755,3.3154296875,0.2297482563542796,1.6600189208984375,16.102999999999998,12.508532323169597,0.24069055455505187,3.4462890625,0.0003111623128901096,0.08168792724609375,0.4357,462.3018039935736,18.364783107642875,6.630859375,0,0,0.7156,281.47693683622134,5.59078814980436,3.3154296875,0.03850927707857285,0.7766309976577759,0.7246,277.98081148219705,24.60935136627105,9.755859375,0.00032731217259605687,0.09205245971679688
90,17.58,11.45761638225256,0.4104154721274175,6.630859375,0,0,18.5329,10.868503903868255,0.19465663765519697,3.3154296875,0.26527256347434536,1.6569137573242188,15.8274,12.726341407938136,0.24488166091714372,3.4462890625,0.00029822390076040997,0.08645248413085938,0.5115000000000001,393.79256304985336,15.643276637341154,6.630859375,0,0,0.7408,271.9018574514039,5.400604751619871,3.3154296875,0.03729431288034689,0.7695894241333008,0.7337999999999999,274.4956336876533,24.300812210411557,9.755859375,0.00029087184869672883,0.0710601806640625
91,15.5332,12.967379290809363,0.4644956609069606,6.630859375,0,0,16.7946,11.99343217462756,0.2148042823288438,3.3154296875,0.20208061444007855,1.478144645690918,15.3014,13.163821349680422,0.25329969806684355,3.4462890625,0.00033036378895050955,0.0920696258544922,0.4875,413.1792738461538,16.41340717948718,6.630859375,0,0,0.6023,334.4261929271127,6.6424838120537935,3.3154296875,0.036044644368418345,0.8902816772460938,0.7373,273.1925891767259,24.18545503865455,9.755859375,0.00032869050399384224,0.07940673828125
92,16.0115,12.580014114854947,0.4506201167910564,6.630859375,0,0,16.8426,11.959251896975529,0.21419210810682435,3.3154296875,0.22047875201418923,1.6113433837890625,16.0381,12.559149525193131,0.24166453632288115,3.4462890625,0.0002984776556028202,0.08353424072265625,0.4265,472.274082063306,18.760928487690503,6.630859375,0,0,0.6516,309.12353591160223,6.139914057704113,3.3154296875,0.03451044526640781,0.8960227966308594,0.648,310.8408888888889,27.51841975308642,9.755859375,0.0003068900081026622,0.09048080444335938
93,16.7742,12.008018027685374,0.4301310345649867,6.630859375,0,0,20.6836,9.738386741186254,0.17441605909996324,3.3154296875,0.23046001964568325,1.7950706481933594,16.083,12.524087297146057,0.24098986507492384,3.4462890625,0.0002959286666631381,0.07553482055664063,0.49089999999999995,410.3175718068854,16.299727031982076,6.630859375,0,0,0.6883,292.6411390382101,5.81253523173035,3.3154296875,0.03481099509079906,0.8281774520874023,0.7293999999999999,276.15148889498215,24.44740334521525,9.755859375,0.00030733064449804963,0.07237625122070313
94,17.7476,11.349416033717237,0.4065397011426897,6.630859375,0,0,16.2723,12.378391253848564,0.22169896081070284,3.3154296875,0.257204051618276,1.7786636352539063,16.6368,12.107189844200809,0.2329678784381612,3.4462890625,0.0003244344310776909,0.08373260498046875,0.4629,435.1369539857421,17.285668610931086,6.630859375,0,0,0.6432,313.1605970149254,6.220099502487562,3.3154296875,0.029479224920900444,0.8216896057128906,0.6955,289.61164054636953,25.639016534867004,9.755859375,0.0003306273847331552,0.08246994018554688
95,17.3822,11.5879978368676,0.4150857774044712,6.630859375,0,0,16.782600000000002,12.002007793786422,0.21495787303516736,3.3154296875,0.23872122101352944,1.5291976928710938,15.9015,12.667037449297238,0.24374052762318024,3.4462890625,0.0003368908865786994,0.08421707153320313,0.5086,396.0379394416044,15.732473456547384,6.630859375,0,0,0.6042000000000001,333.37453823237337,6.621595498179411,3.3154296875,0.033262396467101725,0.8223190307617188,0.6877,292.89646066598806,25.92981823469536,9.755859375,0.000328604902953167,0.0855865478515625
96,17.6604,11.40545491608344,0.40854703177730967,6.630859375,0,0,16.9377,11.89210435891532,0.2129894849950111,3.3154296875,0.1985861374800787,1.629476547241211,15.961199999999998,12.61965867228028,0.24282885998546477,3.4462890625,0.000313762049574235,0.080169677734375,0.5052,398.70327790973874,15.838353127474267,6.630859375,0,0,0.6407999999999999,314.3334831460674,6.243395755305868,3.3154296875,0.031006972509592723,0.6924877166748047,0.6676,301.71494307968845,26.710509286998203,9.755859375,0.0003188117992017573,0.07769775390625
97,16.507,12.20239268189253,0.43709359665596415,6.630859375,0,0,18.376199999999997,10.961183269664025,0.19631653987222605,3.3154296875,0.23157294340797105,1.6302356719970703,16.7882,11.998004312552863,0.2308669184308026,3.4462890625,0.00030985948612276433,0.08319854736328125,0.4941,407.6601821493624,16.194163124873505,6.630859375,0,0,0.6582,306.0238468550593,6.078347006988757,3.3154296875,0.03506111993669095,0.7799034118652344,0.8774,229.57020287212217,20.32361066788238,9.755859375,0.00030458029278431826,0.09070968627929688
98,16.946800000000003,11.88571860174192,0.4257502301319423,6.630859375,0,0,16.489,12.215713263387713,0.21878537206622595,3.3154296875,0.25647925469581234,1.661884307861328,18.6484,10.801189163681602,0.20783766971965423,3.4462890625,0.0003094400366067886,0.0870513916015625,0.455,442.6920791208791,17.585793406593407,6.630859375,0,0,0.5958,338.07468277945617,6.714951325948305,3.3154296875,0.026994399434107964,0.6561732292175293,0.7527,267.60315663611,23.690628404410788,9.755859375,0.0003188585369097372,0.09009552001953124
99,17.6588,11.406488323102362,0.40858404874623416,6.630859375,0,0,19.9329,10.105147570097678,0.18098480401747863,3.3154296875,0.19720550352148816,1.3902969360351563,15.9972,12.59125947040732,0.2422823994198985,3.4462890625,0.00031189803644746306,0.0851898193359375,0.5134,392.3352084144916,15.585383716400468,6.630859375,0,0,0.7647,263.403813260102,5.231813783182948,3.3154296875,0.03216495748774301,0.8632278442382813,0.7240000000000001,278.211182320442,24.62974585635359,9.755859375,0.00031063426617996436,0.07665634155273438
100,17.2829,11.654577414669992,0.4174706791105659,6.630859375,0,0,17.5089,11.504143378510358,0.20604104198436224,3.3154296875,0.23142753497345983,1.6439356803894043,15.4063,13.074190168956855,0.25157500503040964,3.4462890625,0.0003424147143191342,0.09075546264648438,0.4632,434.85512953367873,17.27447322970639,6.630859375,0,0,0.6279,320.79136168179645,6.3716642777512345,3.3154296875,0.03612203211165673,0.7878150939941406,0.8767,229.75350290863463,20.33983802897228,9.755859375,0.0003323220025163222,0.08536911010742188
101,16.5923,12.139660927056529,0.434846525195422,6.630859375,0,0,16.659899999999997,12.090402463400142,0.21654103566047816,3.3154296875,0.20283655882894627,1.5844993591308594,17.2609,11.66943183727384,0.22454449072759824,3.4462890625,0.00031714721222080396,0.07862472534179688,0.5104000000000001,394.6412539184952,15.676990595611285,6.630859375,0,0,0.6289,320.2812784226427,6.36153283510892,3.3154296875,0.02802707269608834,0.6823463439941406,0.6527,308.60256779531176,27.32026352075992,9.755859375,0.00033528432856051347,0.08406448364257813
102,16.986500000000003,11.857939893444794,0.4247551879433668,6.630859375,0,0,19.8486,10.14806565702367,0.18175347379664056,3.3154296875,0.200130614055432,1.4350738525390625,16.7323,12.038087770360322,0.2316382087340055,3.4462890625,0.0003211809125932245,0.0883941650390625,0.4665,431.7789839228296,17.152274383708466,6.630859375,0,0,0.6126,328.80329089128304,6.530799869409076,3.3154296875,0.03192604083770332,0.7025794982910156,0.6508,309.5035279655808,27.400024585126,9.755859375,0.00030631528819552683,0.08220672607421875
103,16.9201,11.904474323437803,0.42642206606343935,6.630859375,0,0,19.6982,10.225548324212363,0.1831412007188474,3.3154296875,0.2227243388217187,1.6213726997375488,16.1434,12.4772288365524,0.240088209423046,3.4462890625,0.0002876041709963825,0.07393264770507813,0.4542,443.47180977542934,17.616767943637164,6.630859375,0,0,0.5693,353.81151589671526,7.027521517653258,3.3154296875,0.035596316760343465,0.8929805755615234,0.6698999999999999,300.67905060456786,26.618802806389013,9.755859375,0.0002945229559715543,0.0694732666015625
104,15.9871,12.599214116381331,0.4513078669677427,6.630859375,0,0,16.4268,12.261968003506466,0.21961380183602408,3.3154296875,0.27001985023723973,1.9258499145507813,15.96,12.620607518796994,0.24284711779448623,3.4462890625,0.00032168042740617314,0.08277130126953125,0.4184,481.4170554493308,19.124130019120457,6.630859375,0,0,0.6147,327.68,6.50848869367171,3.3154296875,0.036981343175240815,0.8493156433105469,0.6392,315.12030037546936,27.89727158948686,9.755859375,0.00032165580212173195,0.08317184448242188
105,17.0903,11.785919264143988,0.4221753860376939,6.630859375,0,0,16.9703,11.86925958881104,0.21258033152036204,3.3154296875,0.1990673352873184,1.791677474975586,15.5161,12.981670393977868,0.24979472934564745,3.4462890625,0.0003115755990980945,0.0950775146484375,0.422,477.31018009478674,18.960985781990523,6.630859375,0,0,0.7002,287.66766066838045,5.713750357040846,3.3154296875,0.03539936919377876,0.8722705841064453,0.616,326.98846753246755,28.947948051948053,9.755859375,0.0003104592234305192,0.08802413940429688
